CREATE DATABASE jxsk
GO
USE jxsk
CREATE TABLE S
(
    SNO  CHAR(2)  NOT NULL,
    SN   CHAR(8)  NOT NULL,
    SEX  CHAR(2)  NULL,
    AGE  TINYINT  NULL,
    DEPT CHAR(10) NULL
)
CREATE TABLE T
(
    TNO  CHAR(2)  NOT NULL,
    TN   CHAR(8)  NOT NULL,
    SEX  CHAR(2)  NULL,
    AGE  TINYINT  NULL,
    PROF CHAR(10) NULL,
    SAL  SMALLINT NULL,
    COMM SMALLINT NULL,
    DEPT CHAR(10) NULL
)
CREATE TABLE C
(
    CNO   CHAR(2)  NOT NULL,
    CN    CHAR(10) NOT NULL,
    CT    TINYINT  NULL,
    ID_TC TINYINT  NULL
)
CREATE TABLE SC
(
    SNO   CHAR(2) NOT NULL,
    CNO   CHAR(2) NOT NULL,
    SCORE TINYINT NULL
)
CREATE TABLE TC
(
    TNO CHAR(2) NOT NULL,
    CNO CHAR(2) NOT NULL
)

INSERT INTO S
VALUES ('S2', '钱尔', '男', 18, '信息')
INSERT INTO S
VALUES ('S3', '孙姗', '女', 20, '信息')
INSERT INTO S
VALUES ('S4', '李思', '男', 21, '自动化')
INSERT INTO S
VALUES ('S5', '周武', '男', 19, '计算机')
INSERT INTO S
VALUES ('S6', '吴丽', '女', 20, '自动化')
INSERT INTO S
VALUES ('S7', '李奇', '男', 18, '外语')
INSERT INTO S
VALUES ('S8', '古明', '男', NULL, '计算机')
INSERT INTO S
VALUES ('S9', '赵亦', '女', 17, '计算机')

INSERT INTO T
VALUES ('T5', '张兰', '女', 39, '副教授', 1300, 2000, '信息')
INSERT INTO T
VALUES ('T4', '张雪', '女', 51, '教授', 1600, 3000, '自动化')
INSERT INTO T
VALUES ('T3', '刘伟', '男', 30, '讲师', 900, 1200, '计算机')
INSERT INTO T
VALUES ('T2', '王平', '女', 28, '讲师', 800, 1200, '信息')
INSERT INTO T
VALUES ('T1', '李力', '男', 47, '教授', 1500, 3000, '计算机')

INSERT INTO C
VALUES ('C1', '程序设计', 60, 1)
INSERT INTO C
VALUES ('C2', '微机原理', 80, 2)
INSERT INTO C
VALUES ('C3', '数字逻辑', 60, 3)
INSERT INTO C
VALUES ('C4', '数据结构', 80, 4)
INSERT INTO C
VALUES ('C5', '数据库', 60, 5)
INSERT INTO C
VALUES ('C6', '编译原理', 60, 6)
INSERT INTO C
VALUES ('C7', '操作系统', 60, 7)

INSERT INTO SC
VALUES ('S2', 'C5', 57)
INSERT INTO SC
VALUES ('S2', 'C6', 80)
INSERT INTO SC
VALUES ('S2', 'C7', NULL)
INSERT INTO SC
VALUES ('S3', 'C1', 75)
INSERT INTO SC
VALUES ('S3', 'C2', 70)
INSERT INTO SC
VALUES ('S3', 'C4', 85)
INSERT INTO SC
VALUES ('S4', 'C1', 93)
INSERT INTO SC
VALUES ('S4', 'C2', 85)
INSERT INTO SC
VALUES ('S4', 'C3', 83)
INSERT INTO SC
VALUES ('S5', 'C2', 89)
INSERT INTO SC
VALUES ('S9', 'C1', 90)
INSERT INTO SC
VALUES ('S9', 'C2', 85)

INSERT INTO TC
VALUES ('T2', 'C5')
INSERT INTO TC
VALUES ('T3', 'C1')
INSERT INTO TC
VALUES ('T3', 'C5')
INSERT INTO TC
VALUES ('T4', 'C2')
INSERT INTO TC
VALUES ('T4', 'C3')
INSERT INTO TC
VALUES ('T5', 'C5')
INSERT INTO TC
VALUES ('T5', 'C7')
INSERT INTO TC
VALUES ('T1', 'C1')
INSERT INTO TC
VALUES ('T1', 'C4')